orderid,customername,contactperson,grossamount,currency
1,"Stuart, Hancock and Diaz",Mark Davis,2529,USD
2,Lewis-King,Christine Perez,2061,USD
3,"Guzman, Santos and Scott",Brett Crawford,5997,USD
4,"Franklin, Parks and Hall",Gabriella Owens,6673,USD
5,Turner-King,Derrick Hamilton,7869,USD
6,"Walker, Cole and Schmidt",Kendra Williams,8552,USD
7,"Mata, Clark and Johnson",Shane Castillo,492,EUR
8,Duffy-Henry,Tracy Young,1368,EUR
9,Park Group,Craig Jordan,8682,EUR
10,Walsh-Fox,Tina Simpson,8974,USD
11,Rice Inc,Raymond Mosley,2480,USD
12,Rodriguez and Sons,Brandon Medina,1121,AUD
13,Williams-Matthews,David Olson,7433,AUD
14,"Ward, Odonnell and Cole",Susan James,6998,AUD
15,Miller and Sons,Alvin Valentine,5382,USD
16,Garza-Barnett,Lucas Hall,5297,USD
17,Clarke Group,Judy Howard,2912,USD
18,Carlson-Dunn,Clinton Rivera,9944,AUD
19,Smith Group,Cheryl Vaughn,9475,USD
20,Foster-Bean,Taylor Taylor,4565,USD
21,Porter-Wise,Robert Jarvis,6290,USD
22,Welch LLC,Lisa Perkins,2707,USD
23,"Taylor, Meyer and Turner",Maria Martin,6182,USD
24,"Floyd, Perez and Smith",Erica Brown,2505,USD
25,Robertson-Martinez,Cynthia Richards,925,USD
26,Mcdowell-Jones,Carl Rivas,8662,USD
27,Smith-Miller,Joshua Rivers,9705,USD
28,Campbell-Wilson,Bobby Hamilton,2563,USD
29,Graham Inc,Donald Pierce,4382,USD
30,"Pineda, Briggs and Mills",Johnathan Park,6219,USD
31,Wilson PLC,Darrell Weber,2123,USD
32,Wise-Ellis,Robin French,9950,USD
33,Nguyen PLC,Barry Anderson,7278,USD
34,"Turner, Melton and Lynch",Michelle Baxter,2743,USD
35,"Jones, Woodard and Warner",Tracy Armstrong,7673,USD
36,Long-Gill,Erin Walters,3047,USD
37,"Shannon, Wilson and Johnson",Isabella Daniels,6399,USD
38,Thompson-Burnett,Mr. Donald Oconnell IV,432,USD
39,Matthews PLC,Sergio Hernandez,5040,USD
40,Murphy LLC,Nicholas Webb DDS,6848,USD
41,Collins-Galvan,Anna Fitzgerald,8883,USD
42,Wong Group,Kelly Larson,7171,USD
43,Perry Ltd,Briana Santos,2624,USD
44,Wilkins-Keith,Molly Rodriguez,779,USD
45,Medina Ltd,Yvette Ward,6040,USD
46,"Pena, Hood and Garrett",Jennifer Travis,6832,USD
47,"Davies, Archer and Dickson",Anthony Parker,8451,USD
48,Potter and Sons,Heidi Wilson,3422,USD
49,"Contreras, Patel and Wong",William Rose,2734,USD
50,"Sanchez, Marquez and Valencia",Brenda Pacheco,5032,USD
51,"Cohen, Wilson and Salazar",Shirley Flynn,2310,USD
52,Dean Group,Eddie Ramirez,6050,USD
53,Garcia Inc,Jason Davis,2454,USD
54,Johnson Group,Max Fowler,9904,USD
55,"Pope, Johnston and Johnson",Tracy Mason,801,USD
56,Davis LLC,Gregory Warren,1265,USD
57,"Robinson, Chandler and Anderson",Steven Morales,1945,USD
58,Hood-Garrett,Dustin Rogers,1226,USD
59,"Jackson, Arroyo and Meyers",Duane Smith,1222,USD
60,Brown Inc,Teresa Smith,8254,USD
61,Moran-Tucker,Timothy Martin,2909,USD
62,Evans PLC,Michael Rivas,7173,USD
63,Goodman LLC,Robert Ryan,4241,USD
64,"Gibson, Carter and Bean",Olivia Kane,1926,USD
65,Edwards LLC,Alexandra Cannon,9454,USD
66,"Cox, Gross and Hines",Nancy Moreno,1205,USD
67,"Griffin, Castillo and Buckley",Nicolas Thomas,9345,USD
68,"Mckinney, Robinson and Brown",William Chambers,4540,USD
69,"Carr, Douglas and Perez",Kelly Yates,4360,USD
70,Wilson-Martin,Donald Porter,8211,USD
71,Sanchez-Cobb,Robin Castro,4793,USD
72,Owens Ltd,Matthew Christensen,5955,USD
73,Ingram-Gardner,Miguel Jenkins,9045,USD
74,"Roy, Odonnell and Lopez",Melissa Brown,6442,USD
75,"Esparza, Barnett and Rice",Michelle Kelly,632,USD
76,Blackwell Inc,Kevin Cook,3256,USD
77,Miller Inc,Daniel Costa,8648,USD
78,Caldwell-Johnson,Christopher Chapman,613,USD
79,Snow-Raymond,Ryan Bullock,784,USD
80,Hernandez-Moyer,Norma Evans,5013,USD
81,Sullivan-Castillo,Christopher Bray,5423,USD
82,French-Berry,Robin Meza,1081,USD
83,Cox-Clark,Krista Kim,6546,USD
84,Benson Ltd,Andrea Reid,1199,USD
85,"Snyder, Hood and Johnson",Justin Mcintyre,4164,USD
86,Washington Inc,Erica Howard,7450,USD
87,Chapman LLC,Carol Mitchell,3668,USD
88,Adams-Ballard,Donald Bush,7054,USD
89,Ramirez-Murphy,Stephen Mitchell,5501,USD
90,Harper-Mcconnell,Anita Barnes,2526,USD
91,Gonzalez-Cowan,Rachel Sanchez MD,1485,USD
92,Clark Inc,Destiny Silva,9748,USD
93,Bush Ltd,Sharon Lee,7282,USD
94,Williams-White,Vincent Patel,3769,USD
95,Thomas-Tran,Anna Hodges,3937,USD
96,Bush-Perry,Matthew Briggs,859,USD
97,Mckinney-Schultz,Denise Watkins,5699,USD
98,Ray-Clarke,Andrea Campbell,8071,USD
99,Mercado Ltd,Kevin Miles,6915,USD
100,Webb-Fox,Andrew Taylor,9718,USD
101,Sullivan-Brown,Alejandro Sandoval,9933,USD
102,Medina-Richards,Erin Thompson,2580,USD
103,Aguilar-Bartlett,Dustin Anderson,534,USD
104,Ramos-Thomas,Christopher Phillips,2955,USD
105,Walker-Bird,Jose Johnson,4097,USD
106,Glover-Lee,David Hernandez,6065,USD
107,Miller-Ayala,Savannah Morales,8401,USD
108,Gallegos-Douglas,Amanda Padilla,607,USD
109,Rice-Perry,Anna Oconnell,1735,USD
110,Thomas Ltd,Amanda Montgomery,1505,USD
111,Mueller-Wallace,Michael Meza,3304,USD
112,Myers LLC,Daniel Rivera,9037,USD
113,Carr-Jones,Jacob Ball,6099,USD
114,Walker-Mcbride,Randy Snyder,8012,USD
115,Robinson-Benton,Tracy Parrish,9325,USD
116,Paul PLC,Amy Brown,4051,USD
117,"Dodson, Schneider and Cameron",Nathan Williams,7398,USD
118,Nichols-Robinson,David Velasquez,7674,USD
119,Johnson Inc,Vincent Roach,9875,USD
120,Joyce and Sons,Morgan Dougherty,2564,USD
121,Alexander and Sons,Debbie Martin,6681,USD
122,Griffith-Martinez,Rachel Robertson,5328,USD
123,Bennett Inc,Rachael White,9115,USD
124,Burns Group,Barbara King,4088,USD
125,Young PLC,John Wilson,2680,USD
126,Glenn Group,Nancy Wagner,627,USD
127,Kelly Inc,Patrick Meyer,637,USD
128,Rodriguez Inc,Deborah Roy,3218,USD
129,Church Ltd,Scott Howard,218,USD
130,Cardenas PLC,Michelle Hoover,9756,USD
131,"Murphy, Jones and Barrett",Cheryl Holland,2222,USD
132,Thompson-Parker,Marcus Walker,2911,USD
133,Sweeney-Lawson,Lauren Clark,4683,USD
134,"Cannon, Day and Thompson",Lynn Flores,9895,USD
135,"Torres, Patterson and Farrell",Bruce Davis,4084,USD
136,"Ford, Martinez and Mejia",Scott Hart,8878,USD
137,"Gibson, Carter and Harris",Andrew Watson,6344,USD
138,Cunningham Inc,Sharon Austin,3089,USD
139,Houston Ltd,Brian Payne,5032,USD
140,Ryan PLC,Sierra Bowers,3504,USD
141,Harris LLC,Peter Melton,9650,USD
142,"Mcdonald, Diaz and Rodriguez",Dalton Marshall,8041,USD
143,Mcgrath-Hoover,Denise Vega,6729,USD
144,Cole-Brock,Laurie Nunez,8394,USD
145,Johns-Sanford,Caroline Lutz,6298,USD
146,Morrow-Gillespie,Anne Carpenter,7824,USD
147,Callahan LLC,Deborah Ramsey,2553,USD
148,Brooks-Smith,Terry Hopkins,1210,USD
149,Crosby-Ramos,William Martinez,6921,USD
150,"Bennett, Hill and Smith",Gregory Davis,6430,USD
151,Evans-Mcgee,Angela Parker,4668,USD
152,Mcmillan Ltd,Marcus Washington,7373,USD
153,"Lee, Rice and Beltran",James Jackson,3388,USD
154,Watson Ltd,Phyllis Hale,3383,USD
155,Harris PLC,Jessica Garcia,3587,USD
156,Walker-Sparks,Betty Brown,4281,USD
157,Carroll Inc,Brianna Kim,5155,USD
158,Dennis-Rodriguez,Faith Armstrong,6926,USD
159,Copeland PLC,Adrian Wade,5589,USD
160,Morrison LLC,Jessica Williams,3886,USD
161,"Pierce, Carroll and Kirk",Brian Jones,7829,CAD
162,"Flores, Grant and Parsons",Sean Reeves,3143,CAD
163,"Bell, Mcbride and Evans",Ryan Huff,3000,CAD
164,"Kelley, White and Wright",Tanner Williams,7148,CAD
165,Lee-Chan,Carmen Thompson,2529,CAD
166,Melton PLC,Henry Wolfe,4837,USD
167,"Hicks, Thomas and Hopkins",Carlos Powers,9388,USD
168,Wagner-Mcdowell,Shane Wallace,8464,NZD
169,Tucker-Shaw,Danielle Huffman,3117,NZD
170,"Green, Booth and Vasquez",Angela Jones,1888,NZD
171,"Newman, Gallagher and Kerr",Sara Ho,6818,NZD
172,"Adams, Reynolds and Parker",Jennifer Compton,8283,NZD
173,"Mayo, Mckenzie and Watson",Daniel Roberts,3458,NZD
174,Kramer-Haas,Zachary Hall,2070,NZD
175,Goodman PLC,Deborah Burgess,6381,NZD
176,Everett PLC,Brad Norris,2104,NZD
177,"Anderson, Cox and Brown",Wayne Hancock,5600,NZD
178,Cook-Davenport,John Harrison,7504,NZD
179,Melendez and Sons,Kevin Abbott,9245,NZD
180,Jones PLC,Michael Harper,5283,USD
181,"Rogers, Jackson and Williams",Kevin Golden,7145,USD
182,Smith Inc,Matthew Watson,7197,SEK
183,"Duncan, Stevenson and Hutchinson",Megan Johnson,8260,SEK
184,Rice PLC,Leslie Moore,5935,SEK
185,Kelley Ltd,Dr. Nicholas Hernandez DVM,9569,SEK
186,"Reynolds, Stewart and Garcia",Christopher Ortega,8685,SEK
187,Swanson-Carter,Jeffrey Hernandez,5469,SEK
188,Long Group,Luis Garcia,3443,SEK
189,"Martinez, Smith and Jarvis",Aaron Allen,4503,SEK
190,Patterson Ltd,Yvette Carson,3295,SEK
191,"Burton, Roberts and Watson",Geoffrey Tran,9911,USD
192,Reed PLC,Maria Gallagher,1754,CNY
193,"Perez, Porter and Martin",Veronica Garcia,9522,CNY
194,Mcdonald LLC,Lisa Roth,8969,CNY
195,Stone Inc,Donna Willis,8040,CNY
196,"Sampson, Mendez and Smith",Jenny Hubbard,5503,CNY
197,Hernandez Inc,Rebecca Pace,8069,CNY
198,"Davis, Bauer and Johnson",Victor Garza,8933,CNY
199,Bennett LLC,Kristina Davies,1966,CNY
200,Mendoza-Williams,William Ramirez,1384,CNY
201,Gallegos PLC,Jonathan Kramer,7017,CNY
202,"Brown, Moore and Evans",Christopher Ward,7923,CNY
203,Hinton and Sons,Eric Rios,9639,CNY
204,Robinson-Nichols,Jose Burke,6582,CNY
205,Buckley Inc,Nicholas Wood,5358,CNY
206,Walsh-Hanson,Matthew Hill,7472,CNY
207,Williams LLC,Melanie Park,1305,CNY
208,Irwin PLC,Mary Yoder,2390,CNY
209,Rubio Group,Alyssa Barber,9354,CNY
210,Wells LLC,John Santana,2642,CNY
211,Castillo Group,Michael Floyd,6299,CNY
212,"Brooks, Rush and Miller",Jonathan White,5340,USD
213,Clark and Sons,Danielle Cook,7179,USD
214,Martin Group,Mr. Timothy Hart DVM,3209,USD
215,Carroll-Ware,Jose Stevens,1229,USD
216,Hill and Sons,Emily Ferrell,6472,USD
217,Smith-Benson,Christopher Reed,7665,USD
218,Orr-Moses,Michael Hernandez,3345,USD
219,Woods-Wall,Sarah Gonzalez,4151,USD
220,"Williams, Hughes and Park",Teresa Gray,3452,USD
221,Conrad Ltd,Ryan Fleming,2789,USD
222,Morrison Group,Grace Hall,9224,USD
223,Olson-Cooper,John Goodman,2408,USD
224,White PLC,Paul Villa,5370,USD
225,"Harris, Gray and Wilson",Ryan Taylor,7718,USD
226,"Knight, Armstrong and Castillo",Shawn Patrick,4921,USD
227,Walker PLC,Jonathan Meyers,2529,USD
228,Porter-Reynolds,Mr. Jason Allen MD,7058,USD
229,Clark-Anderson,Tiffany Carey,3809,USD
230,Beard-Morris,Dean Johnson,2473,USD
231,"Jones, Silva and House",Nancy Stout,8566,USD
232,Collins Ltd,Stephanie Sexton,9930,USD
233,"Green, Miller and Williams",Shannon Smith,3329,USD
234,Davis-Phillips,Steven Nelson,6966,USD
235,Barnett LLC,Cynthia Clarke,1020,USD
236,Nguyen-Yates,Corey Smith,9059,USD
237,Archer PLC,Katelyn Hayes,3925,USD
238,"Hamilton, Evans and Cowan",Michael Barnett,8674,USD
239,Pruitt-Hamilton,Daniel Leblanc,199,USD
240,"Hernandez, Mills and Ingram",Kristin Parks,3268,USD
241,Hogan-Middleton,Aaron Koch,2558,USD
242,Bowman-Mata,Karen Roberts,5646,USD
243,Stone PLC,Lisa Thomas,588,USD
244,"Austin, Rodgers and Sims",Lori Adams,6094,USD
245,Meyer-Moore,Tanya Pham,5844,USD
246,"Jackson, Oliver and King",Shane Dominguez,1286,USD
247,Sanders and Sons,Lauren Hernandez,6371,USD
248,"Bailey, Kirk and Clark",Ashley Morris,1703,USD
249,"Walker, Carlson and Anderson",Carla Cooper,3931,USD
250,Hopkins Inc,Christopher Rodriguez,7454,USD
251,"Mcdonald, Velasquez and Johnson",David Jefferson,7706,USD
252,Hines-Brown,Jeremy Snyder,8433,USD
253,Massey-Simpson,Rebecca Stevenson,7754,USD
254,"Brown, Cordova and Baker",Jennifer Vargas,3215,USD
255,Foster-Knight,Nicole Wong,1631,USD
256,"Smith, Wagner and Anderson",Paul Williams,9584,USD
257,Sullivan-Thompson,Jonathan Ruiz,8004,USD
258,"Woods, Dickson and Ramirez",Todd Grant,5609,USD
259,Barajas Ltd,Lisa Mendoza,5558,USD
260,Robles PLC,Manuel Woods,3491,USD
261,"Parsons, Harris and Harrison",Alisha Smith,3425,USD
262,"Fisher, Brown and Mason",Jody Schaefer,5758,USD
263,Harper-Payne,Matthew Terry,1415,USD
264,"Baker, Lucas and Contreras",Matthew Morrison,6362,USD
265,Fry Group,Charles Smith,5766,USD
266,Campbell-Matthews,Kaitlyn Payne,7428,USD
267,"Howell, Copeland and Pitts",Susan Greene,6051,USD
268,"Clayton, Massey and David",Dylan Franklin,3220,USD
269,Parrish PLC,Jeffrey Harding,5196,USD
270,"Daniel, Spence and Lopez",Maria York,3338,USD
271,Martinez LLC,Lisa Branch,5369,USD
272,Herring Inc,Lauren Lawson,4035,USD
273,Parker LLC,Robert Soto,2486,USD
274,Parker and Sons,Mark Johnson,405,USD
275,Miller LLC,Joseph Flores,6146,USD
276,Sexton-Rodriguez,Michael Johnson,3538,USD
277,Pennington Inc,Sarah Weeks,7993,USD
278,"Robinson, Hawkins and Brown",Brian Parrish,5474,USD
279,Hahn Ltd,Jeffrey George,3231,USD
280,"Smith, Stokes and Roberts",Tanya Stafford,4208,USD
281,Johnson-Lynch,Peter Alvarez,8747,USD
282,"Hughes, Sanchez and Collins",Jonathan Key,5444,USD
283,Durham Inc,Amy Frost,6612,USD
284,Smith-Walker,Barbara Lee,4918,USD
285,Brooks and Sons,Jennifer Shaw,7316,USD
286,"Thompson, Daniels and Lopez",Andrew Weaver,3968,USD
287,Harrison-Dunn,Dawn Hammond,7266,USD
288,Wilson-Page,Scott Freeman,9968,USD
289,Farrell-Gillespie,Phyllis Fox,3844,USD
290,"Kaiser, Ewing and Robinson",Patrick Mcbride,2356,USD
291,Green Group,Mark Evans,5925,USD
292,Lewis-Kim,Valerie Clarke DDS,4595,USD
293,Hampton Inc,Jose Parker MD,1422,USD
294,Lee Group,William Salazar,2888,USD
295,"Ingram, Gallagher and Glenn",Mark Thompson,5194,USD
296,Sullivan-Parsons,Alison Brown,6820,USD
297,Khan-Steele,Laura Stevenson,4532,USD
298,Alvarez LLC,Patrick Ross,8517,USD
299,Anderson LLC,Becky Petty,5214,USD
300,"Becker, Harvey and Diaz",David Green,8224,USD
301,"Haynes, Bradley and Arnold",Mrs. Jane Perry,5138,USD
302,"Krause, Stark and West",Daniel Short,3971,USD
303,Medina-Owens,Destiny Wells,8989,USD
304,Gray and Sons,Nancy Jones,866,USD
305,"Williams, Barr and Morris",Jack Estrada,1614,USD
306,"Potter, Campbell and Barnes",Brian Brooks,7204,USD
307,"Rojas, Hunter and Mora",Victoria Nguyen,7853,USD
308,"King, David and Kelly",Angela Smith,6467,USD
309,Wu Group,Andrew Allen,2300,USD
310,Cook-Watson,Kelly Matthews,6801,USD
311,Taylor PLC,Austin Munoz,4671,USD
312,Roberts-Gallegos,Greg Davila,9919,USD
313,Wilson-Palmer,Alexis West,5255,USD
314,Buchanan-Wilson,Amy Smith,5233,USD
315,Day PLC,Amanda Johnson,3242,USD
316,Williamson LLC,Christopher Jenkins,5370,USD
317,Schroeder-Walker,Patricia Mcintosh,4784,USD
318,"Thomas, Vargas and Buckley",Brandy Green,6208,USD
319,Carroll-Lewis,William Parker,2256,USD
320,"Garrett, Romero and Vasquez",Joshua Johns,7512,USD
321,Goodwin-Beck,Tara Henry,1805,USD
322,Sims PLC,Margaret Harris,6412,USD
323,Owens-Ward,Dennis Rivera,3583,USD
324,"Coleman, Dyer and Watson",Jason Williams,2411,USD
325,Gray Inc,Heather Young,9562,USD
326,Jones LLC,William Rivera,7868,USD
327,Jackson-Johnson,Susan Sullivan,7526,USD
328,Kent Group,Christina Sellers,282,USD
329,"Winters, Stewart and Zhang",Jeffrey Pham,1652,USD
330,"Hays, Martin and Armstrong",Joseph Roberts,8756,USD
331,Macias-Hampton,Tonya Peterson,4656,USD
332,Orr-Thompson,Robert Davis,3402,USD
333,Arnold-Watson,Harry Harris,7394,USD
334,"Erickson, Palmer and Phelps",Brian Daniel,9633,USD
335,Bell-Roberts,John Robertson,799,USD
336,"Hayes, Evans and Rojas",David Jacobs,4295,USD
337,Miller-Keller,Jeffrey Ellis,7564,USD
338,"Johnson, Logan and Hubbard",Roy Allen,8951,USD
339,Miller LLC,Allison Kline,7146,USD
340,"Blake, Jones and Simmons",Patty Mosley,4972,USD
341,"Horn, Smith and Greer",Lisa Reyes,8385,USD
342,Browning Ltd,John Blackwell,1242,USD
343,Hill Group,Gregory Mcknight,6395,USD
344,"Johnson, Wallace and Raymond",Jasmine Dorsey,4017,USD
345,Romero PLC,Hunter Brown,2139,USD
346,Mccarthy Inc,Cynthia Robinson,9518,USD
347,Nelson Ltd,Mr. Cory Green,7139,USD
348,"Hoffman, Smith and Brown",Gwendolyn Davis,9919,USD
349,Dillon Inc,Sherri Holloway,1652,USD
350,Scott Ltd,Victor Montgomery,1176,USD
351,Quinn-Clay,Roger Pena,5954,USD
352,Camacho-Brown,Donna Calderon,9148,USD
353,Durham-Soto,Bailey Ortiz,1627,USD
354,Gonzalez Ltd,Dr. Matthew Ruiz,3726,USD
355,Sawyer-Blair,Ruth Smith,3750,USD
356,Stevens-Turner,Kristie Roberts,5801,USD
357,"Taylor, Drake and Love",Deborah Fuller,5658,USD
358,"Huynh, Owens and Martinez",Brandy Wells DDS,7560,USD
359,Coleman PLC,Leslie Castillo MD,3162,USD
360,Oconnor-Horton,James Spence,3381,USD
361,Johnson Ltd,Sydney Burgess,9916,USD
362,Singh PLC,Dean Nolan,1397,USD
363,"Moore, Gibson and Hess",Jenny Drake,7964,USD
364,"Green, Parks and Sanders",Miranda Barr,1646,USD
365,Jenkins LLC,Craig Morris,2108,USD
366,Hickman LLC,Melinda Webster,3688,USD
367,Whitehead-Foster,Lindsey Wilson,4974,USD
368,Friedman Group,Erika Stanley,5413,USD
369,"Williams, Roberts and Wise",Mr. Michael Lawrence DDS,1617,USD
370,"Baldwin, Burke and Allen",Shannon Elliott,7734,USD
371,Lynch Group,Melanie Williams,6925,USD
372,Molina-Leon,Clifford Myers,1090,USD
373,"Gould, Richard and Anderson",Sierra Mccullough,4897,USD
374,"Spence, Tran and Marshall",Melinda Moss,2879,USD
375,Gonzalez-Harvey,Madison Hinton,5537,USD
376,Alvarez-Cochran,Ray Johnson,4090,USD
377,"Downs, Foster and Wood",Joshua Burke,3152,USD
378,Turner-Wright,Lisa Mcbride,5133,USD
379,"Mcgee, Stanley and Taylor",Daniel Chavez,1174,USD
380,Molina-Martinez,Dr. Matthew Schroeder DDS,9968,USD
381,"Lane, Foster and Woods",Christopher Compton,6500,USD
382,Ramirez Ltd,Henry Garcia,7897,USD
383,Green-Beard,Chloe Harrell,1223,USD
384,"Walker, Bartlett and Bautista",Sharon West,9822,USD
385,"Lozano, King and Gonzalez",Courtney Warren,5317,USD
386,Clark-Wilson,Tammy Hubbard,2896,USD
387,Perez-Weaver,Eric Rich,5708,USD
388,Jackson-Flores,Marc Thomas,214,USD
389,Munoz and Sons,Toni Williams,7410,USD
390,Ward and Sons,Allen Figueroa,9430,USD
391,Castro-Bradley,Brian Hoffman,3281,USD
392,"Manning, Berg and Kidd",Rhonda Gilbert,5354,USD
393,Wallace-Adams,Angela Bolton,1415,USD
394,"Goodman, Webb and Hudson",Yolanda Nelson,6448,USD
395,Gonzalez Group,Lauren Christensen,6601,USD
396,Harris-Smith,Tyler Hall,8490,USD
397,Robinson-Miller,Alexander Robbins,7018,USD
398,"Kelley, Walton and Bird",Donald Ho,6995,USD
399,"Harris, Carter and King",Gregory Snyder,3950,USD
400,Patterson PLC,Denise Boyd,1187,USD
401,Clark-Velasquez,Trevor White,3838,USD
402,"Edwards, Cortez and Howard",Kyle Hicks,1565,USD
403,"Sweeney, Stephens and Hall",Shannon Khan,1704,USD
404,Johnson and Sons,Michael Hartman,7874,USD
405,"Reyes, Moran and Alvarado",Danielle Mitchell,5106,USD
406,Alvarez-Navarro,Tanya Anderson,5062,USD
407,"Montgomery, Hall and Gonzalez",Erika Le,3869,USD
408,"Fox, Reed and Adams",Gabriella Turner,6165,USD
409,"Reeves, Shaw and Wood",Sarah Perez,2172,USD
410,Webb Inc,Julie Day,2407,USD
411,Gutierrez PLC,Dr. Danielle Logan DVM,1753,USD
412,Whitehead PLC,Terry Garcia,9160,USD
413,"Cooper, Welch and Hinton",Jeremiah Adams,904,USD
414,Erickson-Lee,Jose Hernandez,4301,USD
415,Smith and Sons,Andrew Thomas,5831,USD
416,Johnson-Bennett,Jennifer Benson,5034,USD
417,Bell-Scott,Mary Willis,285,USD
418,Garrison LLC,Mark Flynn,6657,USD
419,Bartlett Group,Taylor Myers,1587,USD
420,"Nelson, Blackburn and Grant",Jacqueline Vazquez,9960,USD
421,"Arnold, Williams and Davis",Derrick Martin,7231,USD
422,Martin-Leonard,Stacy Campbell,2756,USD
423,Garcia LLC,Taylor Rodriguez,6854,USD
424,Park-Brooks,Christina Reed,1048,USD
425,Davis-Bryant,Paul Stone,3646,USD
426,Velasquez-Thompson,Kristen Watson,816,USD
427,"Atkins, Haynes and Love",Brian Gray,3228,USD
428,"Smith, Gomez and Johns",Travis Burns,4469,USD
429,"Chandler, Harris and Long",Jessica Williams,6018,USD
430,"Smith, Herman and Hudson",Matthew Huang,4017,USD
431,Bauer Ltd,Jacqueline Herrera,3820,USD
432,"Lester, Vance and Miller",Julia Graham,4926,USD
433,"Swanson, Gilmore and Velasquez",Erin Mccoy,6899,USD
434,Yates-Elliott,Donald Pacheco,107,USD
435,Ferguson-Moore,Renee Mahoney,2773,USD
436,Jones Inc,Amy Green,4203,USD
437,Smith-Carter,Karen Anthony,1415,USD
438,Rowe-Rogers,Stephanie Griffin,7618,USD
439,Gilbert PLC,Raven Gilmore,891,USD
440,Rice-Evans,Justin Smith,8549,USD
441,Ward-Mathis,Michael Nichols,4277,USD
442,Howard LLC,Brenda Griffin,7563,USD
443,Simmons-Diaz,Eric Nash,6815,USD
444,Peterson Ltd,Courtney Stephens,3933,USD
445,"Porter, Hunt and Johnson",Brenda Figueroa,5083,USD
446,"Calderon, Chase and Simmons",Kaitlyn Ortiz,8819,USD
447,"Rogers, Miller and Huber",Tina Brown,800,USD
448,"Stewart, Singh and Nash",Kristen Sims,9620,USD
449,Gonzalez-Lewis,Jack Morgan,3574,USD
450,"Henry, Melton and Lynn",Matthew Hayes,9450,USD
451,"Holmes, Duffy and Lee",Brittney Everett,1861,USD
452,Foster-Garcia,Carolyn Romero,9386,USD
453,"Gonzalez, Weaver and Fischer",Rhonda Hill,4744,USD
454,Johnson LLC,Miss Lauren Gonzalez,9719,USD
455,Aguilar Group,Lance Dalton,5402,USD
456,"Mccarty, Clark and Ball",Carol Ryan,2117,USD
457,Solis Group,Kathryn Love,790,USD
458,Roberson Inc,Adam Dickerson,8986,USD
459,"Mason, Morris and Fuller",Steven Vincent,8020,USD
460,Parks-James,Ryan Singh,8789,USD
461,"Webb, Jackson and Perkins",Jason Maxwell,1946,USD
462,Booth-Hamilton,Adam Rocha,8733,USD
463,Griffith-Bennett,Zachary Phelps,4335,USD
464,Graham-Martinez,Robert Carlson,6455,USD
465,Curtis LLC,Jessica Carpenter,7244,USD
466,Flores Group,James Moore,8561,USD
467,Adams-Collier,Jennifer Kennedy MD,3607,USD
468,Patel Inc,Kimberly Carter,1209,USD
469,Ortiz-Turner,Clayton Holmes,2226,USD
470,"Mitchell, Rogers and Murphy",Javier Nguyen,8205,USD
471,Johnson Ltd,Sara Mcgee,1950,USD
472,"Mendoza, Gibbs and Daniels",Michael Gray,8758,USD
473,Thomas Ltd,Carlos Silva,1016,USD
474,"Campbell, Brown and Wood",Alexander Mcpherson,1316,USD
475,Estrada-Walsh,William Johnson Jr.,3131,USD
476,Perkins LLC,Sheri Hendricks,7624,USD
477,Ross LLC,Carmen Boyd,5728,USD
478,Franco LLC,Jose Walls,5930,USD
479,"Shields, Navarro and Dunn",Phillip Ibarra,2298,USD
480,Beltran-Robbins,Jacqueline Vang,1515,USD
481,Warner-Little,Kevin Parker,5952,USD
482,Reynolds-Murphy,Mark Thomas,5154,USD
483,Andrews PLC,Lauren Hall,5127,USD
484,"Holland, Gill and Dodson",Jesse Aguilar,9068,USD
485,Miller LLC,Collin Russell,4969,USD
486,Obrien Group,Sherry Mclean,5170,USD
487,White-Aguilar,Kimberly Davenport,5759,USD
488,"Valentine, Adams and Rice",Mrs. Patricia Richardson,7130,USD
489,Lee and Sons,Katherine Church,9259,USD
490,Mcgrath PLC,Nicole Davis,2280,USD
491,"Blackburn, Nelson and Cardenas",William Robinson,3017,USD
492,"Campos, Nguyen and Hodge",Susan Lawrence,8448,USD
493,Gay-Perez,Charles West,3872,USD
494,Duran-Brown,Marcus Anderson,3086,USD
495,Powers-Mata,Katie Le,3170,USD
496,Park-Walker,Robert Adams,2904,USD
497,Cortez-Johnston,Mr. Michael Simmons,7876,USD
498,"Chan, Black and Lee",Kayla Lowe,6674,USD
499,Perry PLC,Timothy Martinez,4540,USD
500,"Johnson, Williams and Benson",Brandon Aguirre,1485,USD
501,Cowan-Hamilton,Aaron Harrison,280,USD
502,Long-Murphy,Dylan Wyatt,5857,USD
503,"Davis, Chase and Graham",Pamela Sexton,2229,USD
504,Walker PLC,Gregory Thomas,998,USD
505,Thomas LLC,Diane Rivers,1112,USD
506,Curry PLC,Amanda Williams,4153,USD
507,Jackson-Tate,Kathleen Walsh,2788,USD
508,"Miller, Haney and Martinez",Luis Hodges,4783,USD
509,"Taylor, Phillips and Chavez",Miguel Ross,7052,USD
510,Mcdaniel Inc,John Hernandez,1012,USD
511,"Odom, Johns and Cox",Brian Greene,7253,USD
512,Porter-White,Michael Garner,2021,USD
513,Martinez LLC,Joshua Garcia,5416,USD
514,Novak Inc,Joshua Blankenship,1086,USD
515,"Wilson, King and Spencer",Juan Wade,8694,USD
516,"Rodriguez, Smith and Walsh",Amy Williams,1875,USD
517,Walker-Simmons,Kevin Castillo,8142,USD
518,Jackson-Green,Julian Diaz,1367,USD
519,Kennedy-Nicholson,Jennifer Randall,7811,USD
520,Gilbert-Brock,David Vargas,2601,USD
521,"Roberts, Richardson and Martinez",John Clark,3689,USD
522,Brown Group,David Bradley,5159,USD
523,Lopez PLC,Joshua Gonzalez,2632,USD
524,Mckee-Andrews,Monique Wheeler,956,USD
525,Jones Inc,Jennifer Torres,513,USD
526,Robbins Group,Jeffery Matthews,1032,USD
527,"Yang, Watts and Rodriguez",Elaine Hayden,3507,USD
528,Abbott-White,Nathaniel Patel,5438,USD
529,Fowler PLC,Seth Alvarado,5106,USD
530,"Blair, Thompson and Gordon",Anna Vargas,7135,USD
531,Dickerson Ltd,Julie Reed,5082,USD
532,"Murphy, Roberts and Walsh",Gloria Robinson,7458,USD
533,James Inc,Amber Hardy,8747,USD
534,Price-Hines,Jessica Blackwell,693,USD
535,Robertson-Anderson,Kirsten Cole,9313,USD
536,"Strickland, Werner and Rogers",Mrs. Michelle Hernandez,4531,USD
537,Owens Inc,Mark Taylor,5567,USD
538,Foster-Williams,Nicholas Paul,8179,USD
539,"Adams, Stone and Cunningham",Cynthia Foster,3834,USD
540,Smith PLC,Rebekah Greene,8840,USD
541,Hill LLC,Alexandria Perkins,8325,USD
542,"Silva, Stevens and Bell",Makayla Hill,2620,USD
543,Thornton Group,Amanda Morgan,4048,USD
544,Young-Lewis,Karla Lewis,3809,USD
545,Lewis PLC,Michael Melton,2966,USD
546,"Brooks, Brown and Nelson",Amy Farmer,6434,USD
547,"Figueroa, Brown and Carter",Jordan Mcdowell,3274,USD
548,Wagner PLC,Nicholas Stone,3827,USD
549,Watson-Cochran,Travis Summers,8543,USD
550,Adams and Sons,David Campbell,1696,USD
551,"Sims, Green and Chang",David Lee,9937,USD
552,"Rhodes, Rhodes and Davis",Tasha Love,3086,USD
553,"Ross, Olson and Dixon",Benjamin Robertson,6271,USD
554,Bell Ltd,Carrie Briggs,3390,USD
555,"Patrick, Mathis and Gibson",Elizabeth Serrano,5485,USD
556,Lee-Nguyen,Crystal Garcia,4318,USD
557,Phillips Group,Yolanda Hansen,7946,USD
558,Alvarado Group,Mrs. Robin Castro DDS,6635,USD
559,"Jackson, Yu and Klein",Tammy Lloyd,2868,USD
560,"Baker, Wolfe and Gilbert",Katherine Burnett,8867,USD
561,Farmer-Webb,Carlos Barron,1768,USD
562,Fleming-Ferguson,Kimberly Le,422,USD
563,Coleman Group,Zachary Harris,8377,USD
564,"Rodriguez, Wilson and Rivera",Dawn Roberts,8294,USD
565,"Arnold, Mack and Navarro",Steven Miller MD,2471,USD
566,Jackson-Brown,Charles Graham,7239,USD
567,Harris and Sons,Michele Johnson,5694,USD
568,"Allen, Ray and White",Nicole Jones,9002,USD
569,"Collins, Carter and Acosta",Ruth Zimmerman,4483,USD
570,"Brown, Martinez and Brown",Terri Delgado,1808,USD
571,Pittman-Branch,Elizabeth Gaines,9093,USD
572,Frazier Inc,Lisa White,6411,USD
573,Carey LLC,Lisa Kaiser,4225,USD
574,"Vazquez, Cook and Hernandez",David Shannon,5437,USD
575,"Schwartz, Foster and Brock",Toni Brown,2690,USD
576,Elliott LLC,Sara Williams,3217,USD
577,"Simmons, Rodgers and Gutierrez",Joseph Williams,2417,USD
578,Alexander-Hess,Alan Brown,8563,USD
579,"Wagner, Clark and Rodriguez",Linda Leach,7559,USD
580,"Martin, Schmidt and Campbell",Pedro Oneal,3525,USD
581,"Fowler, Lopez and Chavez",Philip Anderson,1087,USD
582,Duran-Peterson,Aaron Nunez,6996,USD
583,"Salazar, Neal and Heath",Andrea Thornton,6231,USD
584,Berg-Hughes,Dean Smith,9825,USD
585,"Costa, Wilson and Wright",Melinda Jenkins,5991,USD
586,Hale-Hamilton,Daniel Parrish,9907,USD
587,Hill LLC,Susan Patel,3182,USD
588,"Mack, Perry and Burns",Melissa Porter,3214,USD
589,Brooks-Hopkins,David Hernandez,3219,USD
590,"Spence, Barajas and Gates",Tyler Morales,2088,USD
591,Thompson-Martinez,Kimberly Campbell,8203,USD
592,"Martinez, Smith and Thomas",Vincent Cunningham,901,USD
593,Riddle-Murphy,Doris Rhodes,680,USD
594,"Rush, Brown and Morales",Lynn Morgan,1689,USD
595,Clements-Smith,Dr. Anne Freeman,4137,USD
596,Scott Ltd,Mary Wright,6430,USD
597,Solis LLC,James Sims,1347,USD
598,"Hopkins, Dawson and Roberts",Wendy Gibson,7721,USD
599,"Elliott, Gray and Mcbride",Trevor Henry,4485,USD
600,Perkins LLC,Daniel Moran,149,USD
601,Pham-Mccall,Matthew White,1621,USD
602,Carson LLC,Samuel Donaldson,1161,USD
603,Brown-Hardy,Cheryl Moore,4447,USD
604,"Schneider, Hernandez and Dunn",Cristina Martinez,7936,USD
605,Patel-Cunningham,Ronald Johnson,9243,USD
606,"Chung, Wyatt and Harris",Dana Williams,132,USD
607,Quinn-Morris,Alicia Walters,8384,USD
608,Berry-Villa,Shaun Cameron,1667,USD
609,"Harper, King and Kelly",Angela Fitzgerald,7327,USD
610,Bridges-Johnson,Justin Kelly,9073,USD
611,Macdonald LLC,Susan Barnett,3373,USD
612,"Trujillo, Baker and Charles",Robert Cooper,342,USD
613,"Armstrong, Sullivan and Fischer",Jennifer Turner,1166,USD
614,Harrison LLC,Carmen Ramos,5477,USD
615,Alvarado-Williams,Ebony Frey,3287,USD
616,"Hicks, Liu and Williams",Laura Fletcher,3897,USD
617,Barajas PLC,Melissa Walker,2919,USD
618,Burton Group,Matthew Hampton,8199,USD
619,"Farmer, Williams and Gregory",Caroline Summers,2883,USD
620,"Dodson, Russo and Jones",Megan Mcclure,6680,USD
621,Parker Ltd,Wendy Jackson,8055,USD
622,Smith-Colon,William Davis,5722,USD
623,"Phillips, Lee and Chang",Andre Thomas,1265,USD
624,"Jacobson, Thomas and Torres",Brian Kim,5536,USD
625,"Smith, Rangel and Copeland",Troy Carlson,7542,USD
626,Daniel Group,Brandon Obrien,4189,USD
627,Haynes-Fowler,Rachel Fuller,8916,USD
628,Morris and Sons,Shannon Williams,2814,USD
629,Mason-Davis,Robert Macias,10000,USD
630,"Valdez, Edwards and Benson",Richard Moore,6968,USD
631,"Kennedy, Williams and Stewart",Charlotte Ford,1091,USD
632,Kemp-Petersen,Bradley James,6914,USD
633,Barber-Wolf,Samuel Mason,8031,USD
634,"Martin, Perez and Stone",Wayne White,6301,USD
635,Johnson-Contreras,Christine Nguyen,8987,USD
636,"Gonzalez, Li and Carter",John Allen,4228,USD
637,Huynh Inc,Dale Dunn,6627,USD
638,Webb-Eaton,Molly Nelson,5551,USD
639,Fernandez-Morrison,Jennifer Nguyen,3272,USD
640,Silva-Holmes,Michael Lee,6865,USD
641,Smith-Sims,Jennifer Green,7733,USD
642,"Miller, Sexton and Green",Christopher Bolton,8581,USD
643,Garcia-Keller,William Horton DDS,3739,USD
644,Freeman LLC,Brandon Turner,1907,USD
645,Moyer Group,Bryan Vargas,5747,USD
646,"Robinson, Price and White",Gary Rodriguez,2192,USD
647,"Grimes, Cruz and Sherman",Richard Robinson,9946,USD
648,"Richard, Stewart and Hall",Whitney Morales,2687,USD
649,Holland-Fuller,Haley Vincent,6880,USD
650,"Jenkins, Collins and Li",Christine Harvey,1815,USD
651,Garcia Inc,Rhonda Wilson,7281,USD
652,"Jones, Wilson and Hall",Charles Hamilton,1868,USD
653,Turner and Sons,Alicia Morris,7765,USD
654,Johnson and Sons,John Lopez,2929,USD
655,"Nguyen, Mclaughlin and Hood",David Jones,9991,USD
656,Mcbride-Fox,Katherine Lewis,2353,USD
657,Edwards Inc,Alicia Yu,2366,USD
658,Alvarez LLC,Joseph Anderson,1501,USD
659,Mills Inc,Zachary Baker,186,USD
660,"Thomas, Gilbert and Simmons",Michelle Gonzalez,6481,USD
661,Wilson-Morrow,Lauren Pruitt,7651,USD
662,"Collins, Nelson and Powell",James Campbell,8883,USD
663,Griffin-Patterson,Samantha King,6504,USD
664,Berger-Hickman,Jasmine Black,659,USD
665,"Graham, Hartman and Taylor",Daniel Turner,7903,USD
666,Jones-Crawford,Sarah Cooper,8959,USD
667,Ross-Dennis,Allison Banks,2348,USD
668,"Snyder, Taylor and Allen",Benjamin Martin PhD,9371,USD
669,Hodges-Keller,Sandra Brown,8013,USD
670,"Nichols, Crawford and Carlson",Robert Becker,7010,USD
671,"Murray, Skinner and Hill",Rachel Murphy,9831,USD
672,Hanson LLC,Whitney Foster,5043,USD
673,Mason and Sons,Richard Joseph,7821,USD
674,Roach PLC,Stacy Mcbride,3021,USD
675,"Tucker, Johnson and Zimmerman",Zachary Galvan,8338,USD
676,Moran-Turner,Karen Fitzgerald,965,USD
677,Diaz PLC,Karen Arroyo,3814,USD
678,Miles LLC,Anna Lawson,3141,USD
679,Nelson-Flores,Julie Johnson,7230,USD
680,"Henderson, Savage and Bradford",Jeremy Adams,4993,USD
681,Bowen-Morgan,Kelly Alexander,2601,USD
682,Lee LLC,Timothy Anderson,8514,USD
683,Smith LLC,Matthew Hughes,833,USD
684,Kemp-Sanders,Taylor Smith,5643,USD
685,Stanton LLC,James Townsend,582,USD
686,Valentine-Wilson,Ashley Martin,5909,USD
687,Wiggins-Smith,Andre Mitchell,9564,USD
688,"Carney, Lane and Pratt",Amanda Olson,6897,USD
689,"Parker, Clay and Mccarthy",Anthony Mcclure,734,USD
690,Santos PLC,Kevin Rivera,2308,USD
691,King and Sons,Leah Carter,3581,USD
692,Smith Inc,Bradley Holloway,8845,USD
693,"Bradford, Perkins and Newman",Jessica Miller,336,USD
694,"Marquez, Duke and Parker",Mr. Dennis Bradford,5828,USD
695,Ray Ltd,Connor Warner,7590,USD
696,Parker-Long,Victoria Fischer,4113,USD
697,Thomas Ltd,Tiffany Robinson,5881,USD
698,"Nelson, Marquez and Harris",Jesse Marshall,8927,USD
699,"Wright, Blake and Sharp",Jill Morris,2540,USD
700,"Hale, Lawson and Roy",Alejandra Flores,3503,USD
701,Richardson Ltd,Steven Thomas,5857,USD
702,Medina-Castaneda,Rebecca Ali,4989,USD
703,"Spencer, Raymond and Jones",Nicole Mcdonald,4784,USD
704,Lindsey-Eaton,Jason Carter,2796,USD
705,Schaefer-Jackson,Keith Brewer,9997,USD
706,Perkins Group,Steven Moon,6588,USD
707,Barnes-Williams,Miguel Norman,3649,USD
708,Clark LLC,Sarah Garcia,4743,USD
709,Smith and Sons,Crystal Harris,1944,USD
710,Fletcher Inc,Jessica Adams,4342,USD
711,"Murray, Griffith and Strickland",Steven Simpson,9284,USD
712,Odonnell PLC,Micheal Chavez,6662,USD
713,Rivas and Sons,Pamela Henry,2215,USD
714,Adams-Gonzales,Cynthia Adams,8431,USD
715,"Jones, Oconnor and White",Jasmine Rhodes,9238,USD
716,Marsh and Sons,Jennifer Hebert,761,USD
717,Holmes PLC,Megan Howard,234,USD
718,"Torres, Santiago and Rice",Juan Wilkerson,5137,USD
719,"Nicholson, Gomez and Brown",Vincent Lewis,2515,USD
720,Crawford PLC,Mary Ramirez,8480,USD
721,"Grant, Hopkins and Barnes",Jennifer Brady,9687,USD
722,Jones Ltd,Alejandro Winters,7422,USD
723,Watson Ltd,Dr. Tara Barton DDS,1747,USD
724,Proctor Group,Robert Morris,9925,USD
725,Young-Callahan,Daniel Smith,5521,USD
726,Griffin LLC,Joshua Morales,3053,USD
727,Hansen-Smith,Alexis Bryant Jr.,2742,USD
728,Dodson Ltd,Jack Mitchell,4865,USD
729,Porter-Rasmussen,Renee Dickson,8017,USD
730,Hood-Murphy,Samantha White,8551,USD
731,Lopez and Sons,Casey Garcia,8753,USD
732,Owen-Peterson,Dean Daniel,7412,USD
733,Contreras-Conley,Brian Davis,8424,USD
734,"Lucas, Guzman and Fernandez",Kim Wong,7914,USD
735,Jennings-Johnston,Deanna Brown,9268,USD
736,Mooney Inc,Kelly Dennis,8173,USD
737,Gomez and Sons,Tyler Richmond,5801,USD
738,Holland-Weaver,Kathleen Mccarthy,2514,USD
739,"Boone, Lucero and Moore",Anna Maldonado,4749,USD
740,Nicholson-Serrano,Joseph Powell,1408,USD
741,Clements LLC,Austin Graham,7147,USD
742,Grant and Sons,Dr. James Johnson,3369,USD
743,"Oliver, Rogers and Wood",Don Munoz,6274,USD
744,Burch-Sullivan,Dr. Shelley Webster,5337,USD
745,"Hicks, Davis and Little",Dustin Ferguson,1542,USD
746,Hall and Sons,Michael Ward,6196,USD
747,Cochran-Holmes,Sarah Snyder,9085,USD
748,Austin Inc,Amber Franklin,8732,USD
749,Watson Group,Cynthia Conley,1078,USD
750,"Griffin, Huff and Reyes",Victoria Moreno,924,USD
751,"Rhodes, King and Patton",Brittney Pruitt,4869,USD
752,Hall PLC,Beth Jimenez,6461,USD
753,"Lopez, Frank and Jones",Tracy Burns,5805,USD
754,Poole-Pope,Gary Ryan,4867,USD
755,"Murphy, Parrish and Montes",Kayla Thomas,307,USD
756,Wright PLC,Thomas Gill,7750,USD
757,"Dalton, Baker and Stewart",Micheal Jackson,3103,USD
758,"Daniel, Henderson and Howard",Hector Miranda,7103,USD
759,Davis-Nelson,Theresa Russell,9435,USD
760,Frey Inc,Barbara Bullock,9338,USD
761,Baldwin-Curry,Ronald Mclaughlin,2752,USD
762,Sanchez-Hamilton,Raymond Miller,1787,USD
763,Brown-Aguilar,Jonathan Acevedo,5659,USD
764,"Jones, Russell and Lopez",Katelyn Nelson,1544,USD
765,Davis Inc,Adam Stone,9547,USD
766,Moreno Inc,Christopher Russell,5017,USD
767,Braun-King,Shannon Drake,7807,USD
768,"Smith, Lee and Allen",Robert Becker,1858,USD
769,Brooks-Daniel,Sean Walter,1688,USD
770,"Jones, Rangel and Peck",Christian Moreno,4229,USD
771,Barrett Inc,Vernon Brown,777,USD
772,"Leach, Taylor and Smith",Laura Myers,4931,USD
773,Jones-Tate,Anthony Pruitt,1641,USD
774,Thomas-Wood,Luis Perry,4123,USD
775,Brooks Inc,Juan Smith,2608,USD
776,Campbell PLC,Timothy Smith,1708,USD
777,Carter and Sons,Christopher Sullivan,5468,USD
778,"Barton, Thompson and Richards",Ronald Williams,2794,USD
779,Anderson Group,Dale Morris,6646,USD
780,Newton-Crosby,Mr. Spencer Miller MD,450,USD
781,"Edwards, Rodriguez and King",Mario Lewis,9056,USD
782,"Miller, Austin and Weber",Troy Cruz,5863,USD
783,"Alvarado, Johnson and Gregory",Nathaniel Salazar,5711,USD
784,Thompson Ltd,Joseph Flores,9991,USD
785,"Patrick, Carson and Moore",Stacy Davis,7737,USD
786,Ramos Group,David Bates,6029,USD
787,Jones Ltd,Russell Harrison,341,USD
788,Hayes-Jones,Bradley Miller,816,USD
789,"Lutz, Martinez and Boyd",Victor Mckinney,3700,USD
790,Davis-West,April Robinson,6683,USD
791,Flynn Group,Christina Chan,7726,USD
792,"Burns, Byrd and Smith",Maria Wood,7557,USD
793,Mayer LLC,Jennifer Chavez,7244,USD
794,Morgan-Phillips,Brittany Mitchell,8445,USD
795,"Banks, Bailey and Lee",Juan Andrews,6732,USD
796,Johnson PLC,Brian King,125,USD
797,Austin-Newton,Dylan Moore,3703,USD
798,"Cross, Williams and Pennington",Tara Mccarty,9488,USD
799,Young-Hammond,Vicki Mann,7496,USD
800,Acosta and Sons,Richard Riley,7180,USD
801,"Hancock, Park and Garcia",Jasmine Bush,8026,USD
802,Solis-Snow,Jessica Smith,8808,USD
803,Kelly Group,Edward Mckenzie,9232,USD
804,Lane-Baker,Brittany Olson,4134,USD
805,Munoz and Sons,Craig Campos,9695,USD
806,Townsend Ltd,Tabitha Olson,970,USD
807,"Davis, Daniels and Kelly",Sarah Olson,7478,USD
808,Andersen Group,Catherine Allison,700,USD
809,"Rodriguez, Kennedy and Torres",Mark Cruz,6385,USD
810,Hill-Green,James Gray,2280,USD
811,"Meyer, Mitchell and Chase",Sean Johnson,5781,USD
812,Smith-Underwood,Alex Smith,5779,USD
813,"Martin, Powers and Duarte",Mrs. Claudia Payne,3626,USD
814,"Gill, Howard and Brooks",Samuel Miller,8336,USD
815,Valdez-Cole,Jeff Thompson,9287,USD
816,"Hensley, Avila and Murphy",Jennifer Cox,1080,USD
817,Castro-Daniel,David Hurst,9432,USD
818,"Rodriguez, Harrell and Rodriguez",Bruce Yu,9913,USD
819,"Fitzgerald, Vargas and Simmons",Ronald Hodges,284,USD
820,Campbell-Marshall,Wendy Hanson,2815,USD
821,"Stein, Mercado and Price",Carol Black,2498,USD
822,"Jones, Ferguson and James",Lauren Evans,4172,USD
823,"Baker, Tucker and Knight",Amy Kramer,6835,USD
824,Rodriguez Group,Jeff Martin,9911,USD
825,"Williams, White and Welch",Morgan Harper,1153,USD
826,Williams-Scott,Shawn Campbell,7879,USD
827,Williams PLC,Ashley Williams,7308,USD
828,Le-Short,Eugene Marshall,766,USD
829,Hess PLC,Erica King,5167,USD
830,Barr-Alexander,Kristin Lawrence,5356,USD
831,Thomas-Frederick,Matthew Romero,6594,USD
832,Johnson and Sons,Austin Smith,7920,USD
833,"Foster, Mata and Ross",Henry Estes,6728,USD
834,Horne PLC,John Benson,2301,USD
835,Munoz Inc,Collin Brandt,6119,USD
836,Thornton-Scott,Jeremiah Maldonado,8247,USD
837,Kim PLC,Yolanda Ramirez,1041,USD
838,"Duran, Todd and Peterson",Dr. Kelsey Lane DVM,1443,USD
839,Edwards and Sons,Anthony Vargas,9139,USD
840,Dixon Inc,Mary Morris,8754,USD
841,Cooper PLC,Julie Miller,7482,USD
842,Valenzuela-Martin,Lori Shelton,7156,USD
843,Whitehead-Nguyen,Robert Hernandez,8395,USD
844,"Williams, Bell and Blake",Daniel Hopkins,2546,USD
845,"Gray, Flynn and Burns",Hannah Miller,3515,USD
846,Russell-Mitchell,Bryan Le,6247,USD
847,"Preston, Collins and Ross",Chase Wallace,9247,USD
848,"Thomas, Murphy and Morgan",Emma Simpson,513,USD
849,Richards-Adams,Heather Mcdonald,8284,USD
850,"Crawford, Greer and Soto",Michael Donovan,783,USD
851,Roberts Inc,Nicole Ray,6295,USD
852,"Gutierrez, Williams and Swanson",Justin Mooney III,6533,USD
853,Murray LLC,David Mcgee,5849,USD
854,Thomas-Green,Zachary Bentley,886,USD
855,Rowe and Sons,Darius Morgan,5999,USD
856,Roberts Group,John Moore,1996,USD
857,Thornton Ltd,Rachel Cole,4664,USD
858,"Wang, Gonzales and Johnson",Katherine Vargas,1846,USD
859,Murray Group,Kyle Valencia,7046,USD
860,"Murray, Schaefer and Wright",Darius Pena,345,USD
861,"Collins, Davis and Owens",Linda Miller,7524,USD
862,"Warren, Ramsey and Scott",Brian Ryan,7849,USD
863,Lam LLC,Gavin Morris,1293,USD
864,Le Ltd,James Villarreal,7340,USD
865,Stevens-Reid,Thomas Melendez,7936,USD
866,"Goodman, Sparks and Cantrell",Ryan Moody,9138,USD
867,"Mack, Carlson and Martin",Sean Scott,308,USD
868,Pearson-Clark,Brianna Gentry,6073,USD
869,Giles-White,Mark Cunningham,2918,USD
870,Harrell-Carter,Tyler Dean,7974,USD
871,Nguyen-Lucero,Daniel Bird,984,USD
872,"Castillo, Young and Green",Joseph Hardy,3464,USD
873,"Miller, Davis and Webb",Elizabeth Smith,2980,USD
874,Cervantes-Lewis,Laura Rodriguez,473,USD
875,"Anderson, Jones and Sanchez",Brian Taylor,3159,USD
876,"Jordan, Adkins and Martin",Megan Logan,3166,USD
877,Martinez and Sons,Donna Hudson,7912,USD
878,"Mann, Phillips and Carrillo",Russell Horton,7922,USD
879,"Dean, Zimmerman and Wade",Hunter Hart,447,USD
880,Farrell Group,Elizabeth Powell,5942,USD
881,Williams-Goodwin,David Lee,9580,USD
882,Garcia-Ramos,Mitchell Cunningham MD,6202,USD
883,Torres-Lee,Timothy Johnson,9564,USD
884,Davis Inc,Eric Chavez,4306,USD
885,"Morgan, Miles and Stevens",Courtney Smith,6415,USD
886,Johnson LLC,Daniel Jones,5962,USD
887,Bennett PLC,Hailey Rangel,2159,USD
888,"Roberts, Richardson and Collins",Mr. Thomas Johnson,7439,USD
889,Yang-Bullock,Jason Elliott,7381,USD
890,Becker Inc,Susan Stewart,2579,USD
891,Lee PLC,Timothy Brown,5522,USD
892,"Murphy, Edwards and Archer",Philip Jennings,7528,USD
893,Simon-Gray,Chad Smith,601,USD
894,"Price, Washington and Lewis",Sarah Mack,5415,USD
895,Woods-Aguilar,Mary Johnson,1893,USD
896,Gonzalez LLC,Nichole Flores,6487,USD
897,"Reyes, Johnson and Alvarez",John Russell,329,USD
898,Cooley Ltd,Amy Shah,7202,USD
899,Morales LLC,Peter Lloyd,131,USD
900,Allison and Sons,Rachel Holmes,1239,USD
901,"Smith, Arnold and Cole",Ashley Mathis,1773,USD
902,Hall-Wang,Mark Medina,7052,USD
903,Dudley Ltd,Michelle Cox,9488,USD
904,Bailey-Nelson,Mr. Thomas White,4350,USD
905,Edwards Ltd,Logan Cooper,7846,USD
906,Mitchell LLC,Erika Foster,6296,USD
907,Mccann-Espinoza,Jack Davis,1823,USD
908,"Mitchell, Carson and Douglas",Sarah Snyder,7570,USD
909,"Sullivan, Johnson and Johnson",Michael Sanchez,8790,USD
910,Rocha PLC,Anne Moyer,8465,USD
911,Brown-Ramirez,Justin Morales,7792,USD
912,"Miller, Watkins and Moore",Kylie Grant,3820,USD
913,Mcdowell-Schwartz,Heather Zavala,628,USD
914,Pierce Inc,Amanda Hoffman,5990,USD
915,Collins Inc,Jennifer Garrett,4089,USD
916,"Simpson, Rodriguez and Lewis",Sean Cameron,1770,USD
917,Harrington-Bray,Daniel Campbell,8273,USD
918,Stewart-Bailey,Matthew Reyes,6883,USD
919,Collins-Fox,Matthew Carlson,5071,USD
920,"Page, Foster and Taylor",Dana Hickman,9004,USD
921,Newton-Martinez,Jason Cole,8562,USD
922,Campbell-Perez,Sheri Powell,876,USD
923,"Fernandez, Herrera and Contreras",Angela Walker,2045,USD
924,Jones-Shaw,Tracy Moran,9560,USD
925,Bryant-Rhodes,Kenneth Davila,6892,USD
926,Rivera LLC,Jeremy Hill,9028,USD
927,Durham-Deleon,Elizabeth Horn,4866,USD
928,Washington Group,Rhonda Horne,1800,USD
929,"Ward, Newman and Patel",Patricia Howard,8464,USD
930,"Bowman, Curry and Allen",Alyssa Patrick,3970,USD
931,Gallagher-Wilson,Stephanie Padilla,1158,USD
932,"Kirk, Barnett and Warren",Ryan Morgan,6775,USD
933,Kelly-Arellano,Michael James DDS,6070,USD
934,Good and Sons,Mark Johnson,7634,USD
935,"Garza, Skinner and Anderson",Robert Arnold,3991,USD
936,Williams-Harrison,Sue Wright,2094,USD
937,"Brown, Clarke and Warner",Kayla Jackson,2423,USD
938,Marks-Taylor,Leah Carr,1079,USD
939,Wheeler-Rodriguez,Douglas Boyle,7436,USD
940,Sims-Jenkins,Heidi Hunt,1373,USD
941,Benton-Lopez,Gabrielle Moore,2344,USD
942,Martin-Burke,Crystal Gonzalez,1594,USD
943,"Brown, Richardson and Williams",Jennifer Orozco,9169,USD
944,"Marquez, Williams and Chase",Mark Collins,192,USD
945,Duran and Sons,Sharon Brown PhD,1834,USD
946,"Johnson, Hall and Rivers",Jeremy Adams,9924,USD
947,Hodge-Bradley,Steven Pena,4460,USD
948,"Perkins, Fowler and Rivera",Katrina Garcia,9229,USD
949,Orr LLC,Alison Obrien,4962,USD
950,Murphy LLC,Nathan King,8807,USD
951,Kelley LLC,Christian Johnson,8679,USD
952,Jefferson-Martin,James Sims,7563,USD
953,Lee-Rojas,Michelle Fernandez,4093,USD
954,Sanders-Ball,Catherine Sanchez,2709,USD
955,"Johnson, Brandt and Keith",Sherry Nelson,3047,USD
956,"Munoz, Boyer and Diaz",Christina Smith,7164,USD
957,"Stevens, Young and Taylor",Jamie Taylor,3991,USD
958,"Barnes, Christensen and Lozano",Christina Jones,9462,USD
959,Barrett Group,Corey Flores,5212,USD
960,Fowler Group,Shannon Glover,3002,USD
961,"Johnston, Johnson and Graham",Shannon Duncan,976,USD
962,Foster-Jones,Jack Huffman,6724,USD
963,"Morton, Macdonald and Brown",Derrick Lopez,2945,USD
964,Rodriguez Ltd,Mrs. Ashlee Avila,4621,USD
965,Hill-Zuniga,Alyssa Holland,1473,USD
966,Powers Group,Elizabeth Johnson,4665,USD
967,"Smith, Holmes and Barron",Mary Brooks,2070,USD
968,Hill PLC,Christopher Warren,5622,USD
969,Cruz-Morris,Shannon Valentine,589,USD
970,Burton PLC,Brittany Fitzgerald,1712,USD
971,"Jones, Rose and Jones",Brian Gray,9742,USD
972,Garcia-Holland,Michael Anderson,418,USD
973,"Welch, Garcia and Walker",Brian Rosales,1937,USD
974,"Perry, Clark and Russell",Ashley Tran,7250,USD
975,"Byrd, Fuller and Wilson",Spencer Mitchell,3673,USD
976,"Davis, Baker and Cooley",Gregory Gomez,7262,USD
977,Ruiz-Lambert,Daniel Nunez,6240,USD
978,Mata-Stanton,Sandra Cunningham MD,887,USD
979,"Bell, Leon and Mercado",Daniel Turner,3341,USD
980,Scott Group,Laura Dunn,7009,USD
981,Gonzales-Chapman,Clifford Crawford,2520,USD
982,"Bailey, Moore and Tran",Dawn Knight,5900,USD
983,"Hernandez, Johnson and Hernandez",Carlos Taylor,6754,USD
984,Hopkins-Meyers,Shane Bennett,7535,USD
985,Preston-Bradshaw,Kristina Gay,1358,USD
986,Vasquez-Meadows,Amy Acevedo,4052,USD
987,Peterson-Webb,William Nolan,2066,USD
988,"Brooks, Yoder and Ward",Todd Garcia,8259,USD
989,"Carter, Johnson and Miller",Nathaniel Kim,4585,CAD
990,Cannon and Sons,Christina Hardin DDS,2418,CAD
991,Torres-Mcpherson,Kimberly Oliver,1375,USD
992,Lee and Sons,David Diaz,7745,USD
993,Coleman Ltd,Tara Alvarez,5329,USD
994,Malone Group,Bonnie Nelson,2890,USD
995,Anderson-Villa,Donald Greer,7287,RS
996,"Stewart, Zhang and Nelson",Eugene Guzman,3612,USD
997,Kelly LLC,Sally Cannon,6719,USD
998,Hernandez PLC,Billy Freeman,4518,RS
999,Woods-Gordon,Justin Johnson,2403,RS
1000,Love Ltd,Robert Ramirez,2781,RS
